# WD Blue SN5000 2TB /dev/nvme1n1 blocking read T(s), O_DIRECT raw
# size_bytes,ncmd,floor_us,p50rr_us
4096,1,47.70,89.59
8192,1,57.32,77.82
12288,1,57.96,94.70
16384,1,63.11,98.60
20480,1,61.01,102.04
24576,1,63.19,103.51
28672,1,63.82,102.96
32768,1,74.45,113.56
36864,1,66.97,109.13
40960,1,68.77,108.26
45056,1,69.47,111.47
49152,1,74.93,110.18
53248,1,73.46,114.67
57344,1,75.33,115.19
61440,1,75.82,117.20
65536,1,51.08,115.92
69632,1,46.25,117.49
73728,1,76.99,112.63
77824,1,76.49,116.27
81920,1,76.71,117.55
86016,1,48.46,118.94
90112,1,77.05,118.61
94208,1,77.60,120.06
98304,1,78.98,121.84
102400,1,79.26,120.30
106496,1,79.34,120.44
110592,1,79.16,122.07
114688,1,78.53,122.77
118784,1,80.20,123.41
122880,1,79.76,124.00
126976,1,80.73,125.19
131072,1,82.69,97.25
135168,1,82.78,128.48
139264,1,84.25,131.46
143360,1,85.51,150.61
147456,1,88.81,156.64
151552,1,88.22,154.59
155648,1,90.32,155.49
159744,1,89.79,160.31
163840,1,100.68,144.30
167936,1,93.93,164.41
172032,1,97.19,160.34
176128,1,97.72,168.12
180224,1,101.12,168.58
184320,1,100.63,169.44
188416,1,101.49,171.33
192512,1,102.17,172.13
196608,1,103.43,176.05
200704,1,102.84,175.33
204800,1,103.21,174.01
208896,1,103.94,176.37
212992,1,104.16,175.63
217088,1,103.81,176.52
221184,1,104.40,179.81
225280,1,104.66,180.34
229376,1,107.69,179.08
233472,1,107.61,181.64
237568,1,107.61,180.26
241664,1,107.48,183.59
245760,1,108.50,183.87
249856,1,107.88,204.10
253952,1,107.86,206.95
258048,1,109.47,207.97
262144,1,105.57,158.96
266240,1,109.41,212.08
270336,1,111.36,212.45
274432,1,113.49,215.18
278528,1,113.58,217.46
282624,1,116.02,216.63
286720,1,115.01,216.35
290816,1,117.02,218.72
294912,1,124.98,217.46
299008,1,121.82,218.70
303104,1,124.70,220.75
307200,1,125.15,220.06
311296,1,127.73,220.09
315392,1,125.61,221.69
319488,1,129.06,222.49
323584,1,129.79,223.82
327680,1,126.70,220.62
331776,1,128.63,224.98
335872,1,130.35,225.07
339968,1,130.26,226.72
344064,1,129.45,226.97
348160,1,129.18,227.41
352256,1,130.31,228.76
356352,1,132.35,228.43
360448,1,130.79,228.16
364544,1,129.62,230.44
368640,1,129.62,233.52
372736,1,129.81,231.01
376832,1,134.37,232.89
380928,1,131.39,244.64
385024,1,135.73,236.28
389120,1,131.51,235.92
393216,1,133.75,271.43
397312,1,132.13,237.53
401408,1,128.13,236.50
405504,1,136.84,242.49
409600,1,141.60,237.93
413696,1,141.81,244.27
417792,1,144.09,243.85
421888,1,140.26,251.16
425984,1,150.06,256.02
430080,1,147.41,264.30
434176,1,148.80,266.55
438272,1,149.40,266.16
442368,1,150.55,266.07
446464,1,131.49,267.02
450560,1,152.94,267.27
454656,1,151.64,269.02
458752,1,150.42,256.20
462848,1,154.09,271.62
466944,1,153.64,279.14
471040,1,152.75,273.33
475136,1,151.22,274.75
479232,1,156.72,276.15
483328,1,154.57,276.28
487424,1,156.17,280.06
491520,1,152.40,273.75
495616,1,154.28,282.98
499712,1,152.89,283.58
503808,1,155.72,285.14
507904,1,155.53,282.95
512000,1,155.62,289.42
516096,1,155.12,291.94
520192,1,156.48,291.22
524288,1,153.96,277.41
528384,1,155.66,292.96
532480,1,159.08,293.77
536576,1,161.08,308.55
540672,1,166.77,289.11
544768,1,169.46,295.24
548864,1,164.55,302.26
552960,1,169.39,304.49
557056,1,180.75,297.46
561152,1,173.69,308.79
565248,1,171.45,309.48
569344,1,174.88,309.71
573440,1,177.29,311.33
577536,1,176.64,306.94
581632,1,178.60,310.96
585728,1,178.18,312.44
589824,1,177.71,299.38
593920,1,176.86,317.32
598016,1,178.27,313.44
602112,1,177.92,317.82
606208,1,180.23,313.70
610304,1,178.19,313.71
614400,1,177.62,314.60
618496,1,173.71,315.69
622592,1,178.86,315.70
626688,1,178.43,317.44
630784,1,182.81,320.39
634880,1,184.73,321.71
638976,1,181.62,317.98
643072,1,184.32,320.80
647168,1,182.12,321.98
651264,1,184.77,318.81
655360,1,182.42,315.21
659456,1,188.28,321.44
663552,1,184.69,323.82
667648,1,188.37,326.11
671744,1,192.66,321.92
675840,1,191.45,327.77
679936,1,194.09,331.68
684032,1,192.39,329.89
688128,1,202.42,331.58
692224,1,194.08,334.70
696320,1,171.92,334.89
700416,1,198.45,338.24
704512,1,202.37,337.12
708608,1,202.13,340.86
712704,1,202.84,343.14
716800,1,202.74,348.30
720896,1,202.29,327.21
724992,1,201.62,348.85
729088,1,202.87,347.05
733184,1,201.88,348.26
737280,1,205.59,345.19
741376,1,202.46,351.40
745472,1,204.64,350.95
749568,1,202.78,349.98
753664,1,202.75,350.17
757760,1,204.53,351.19
761856,1,205.00,353.88
765952,1,206.32,354.06
770048,1,206.65,355.57
774144,1,203.44,356.56
778240,1,205.12,352.86
782336,1,206.70,356.76
786432,1,206.04,377.54
790528,1,211.37,356.41
794624,1,211.20,354.44
798720,1,213.04,354.28
802816,1,215.73,358.02
806912,1,216.94,358.50
811008,1,219.42,359.64
815104,1,215.12,357.53
819200,1,227.37,357.61
823296,1,220.17,359.20
827392,1,225.86,355.59
831488,1,226.52,359.72
835584,1,228.83,358.49
839680,1,226.38,357.49
843776,1,226.78,358.80
847872,1,226.11,360.70
851968,1,228.68,357.35
856064,1,228.90,360.06
860160,1,228.69,359.44
864256,1,229.11,359.36
868352,1,229.03,359.12
872448,1,229.25,361.68
876544,1,231.17,360.65
880640,1,228.00,361.10
884736,1,227.81,361.82
888832,1,229.06,365.25
892928,1,228.35,363.71
897024,1,229.28,364.14
901120,1,207.22,362.77
905216,1,231.81,366.73
909312,1,229.82,367.87
913408,1,232.20,366.43
917504,1,232.01,363.84
921600,1,230.98,369.86
925696,1,235.30,369.78
929792,1,237.47,371.15
933888,1,239.89,372.73
937984,1,242.21,372.50
942080,1,240.90,374.27
946176,1,240.99,373.70
950272,1,252.00,374.09
954368,1,243.34,372.71
958464,1,248.75,377.22
962560,1,251.86,377.71
966656,1,252.78,375.66
970752,1,254.07,377.37
974848,1,251.96,375.93
978944,1,252.19,377.49
983040,1,254.43,381.60
987136,1,251.22,380.31
991232,1,252.84,380.14
995328,1,252.94,379.56
999424,1,253.69,378.26
1003520,1,254.59,379.93
1007616,1,254.24,383.00
1011712,1,253.53,381.38
1015808,1,254.70,381.15
1019904,1,252.99,383.44
1024000,1,255.56,380.84
1028096,1,256.31,380.50
1032192,1,255.72,384.11
1036288,1,253.85,389.61
1040384,1,257.21,385.98
1044480,1,261.27,384.19
1048576,1,256.88,378.03
2097152,2,454.40,635.91
4194304,4,854.43,993.04
8388608,8,1660.84,1820.08
16777216,16,3268.85,3444.26
33554432,32,6494.39,6845.43
